* #+Title: ITS Call Center Schedule
#+AUTHOR: Andrew Buckingham
#+STARTUP: indent
#+OPTIONS: num:nil toc:nil ^:nil
#+TODO: TODO(t) |  Started(s) | Waiting(w) | Someday/Maybe(m) | Canceled(c) | DONE(d)(@) | Meeting(M) | Note(n)

* Office Hours

** FS2013

*8/15/2013 Version*

| Name       | Monday          | Tuesday   | Wednesday   | Thursday   | Friday   |
|------------+-----------------+-----------+-------------+------------+----------|
| Andrew     | 7 - 3           | 9-5       | 9 - 5       | 9 - 5      | 9 - 5    |
| Brittney   | 11 - 2:30       | --        | 11 - 2:30   | --         | 7 - 9    |
| Dante      | 9 - 1           | 12 - 4    | 7 - 11      | 12 - 4     | 9 - 1    |
| Feher      | 1 - 5           | 1 - 5     | 1 - 5       | --         | 1 - 6    |
| James L    | 8 - 10; 1 - 5   | 7 - 11    | 1 - 6       | 7 - 11     | 1 - 5    |
| James Y    | 10 - 2          | 1 - 5     | 12 - 5      | --         | 10 - 1   |

*8/21/2013 Version*

| Name       | Monday          | Tuesday                | Wednesday   | Thursday        | Friday          |
|------------+-----------------+------------------------+-------------+-----------------+-----------------|
| Andrew     | 7 - 3           | 9-5                    | 9 - 5       | 9 - 5           | 9 - 5           |
| Brittney   | 11 - 2:30       | --                     | 11 - 2:30   | --              | 7 - 9           |
| Dante      | 9 - 1           | 12 - 4                 | 7 - 11      | 12 - 4          | 9 - 1           |
| Feher      | 1 - 5           | 1 - 5                  | 1 - 5       | 1 - 5           | --              |
| James L    | 8 - 10; 1 - 5   | 7 - 11                 | 1 - 6       | 7 - 11          | 1 - 5           |
| James Y    | 10 - 2          | 1 - 5                  | 12 - 5      | --              | 10 - 1          |
| Natalie    | 5 - 6           | 8 - 9; 12 - 1; 5 - 6   | 9 - 11      | 12 - 1; 5 - 6   | 9 - 11; 1 - 5   |

*8/28/2013 Version*

| Name       | Monday          | Tuesday         | Wednesday   | Thursday        | Friday          |
|------------+-----------------+-----------------+-------------+-----------------+-----------------|
| Andrew     | 7 - 3           | 9-5             | 9 - 5       | 9 - 5           | 9 - 5           |
| Brittney   | 11 - 2:30       | --              | 11 - 2:30   | --              | 7 - 9           |
| Dante      | 9 - 1           | 12 - 4          | 7 - 11      | 12 - 4          | 9 - 1           |
| Feher      | 1 - 5           | 1 - 5           | 1 - 5       | 1 - 5           | --              |
| James L    | 11 - 5          | 7 - 11          | 2 - 6       | 7 - 11          | 1 - 5           |
| James Y    | 10 - 2          | 1 - 5           | 12 - 5      | --              | 10 - 1          |
| Natalie    | 9 - 11; 4 - 6   | 8 - 10; 5 - 6   | 9 - 11      | 8 - 10; 5 - 6   | 9 - 11; 1 - 6   |

*** 10/15/2013 Version

**** Office Hours

| Name     | Monday        | Tuesday       | Wednesday | Thursday      | Friday        |
|----------+---------------+---------------+-----------+---------------+---------------|
| Andrew   | 7 - 3         | 9-5           | 9 - 5     | 9 - 5         | 9 - 5         |
| Brittney | 11 - 2:30     | --            | 11 - 2:30 | --            | 7 - 9         |
| Dante    | 9 - 1         | 12 - 4        | 7 - 11    | 12 - 4        | 9 - 1         |
| Erik     | 7 - 9:30      | 9 - 5         | --        | 9 - 3         | 3 - 5         |
| Feher    | 1 - 5         | 1 - 5         | 1 - 5     | 1 - 5         | --            |
| James L  | 11 - 5        | 7 - 11        | 2 - 6     | 7 - 11        | 1 - 5         |
| James Y  | 10 - 2        | 1 - 5         | 12 - 5    | --            | 10 - 1        |
| Natalie  | 9 - 11; 4 - 6 | 8 - 10; 5 - 6 | 9 - 11    | 8 - 10; 5 - 6 | 9 - 11; 1 - 6 |

**** Night Chat

| Name     | Sunday | Monday | Tuesday | Wednesday | Thursday | Friday |
|----------+--------+--------+---------+-----------+----------+--------|
| Brittney | --     | --     | 6-10    | --        | 6-10     | --     |
| Feher    | 6-10   | --     | --      | --        | --       | --     |
| James Y  | --     | 6-10   | --      | --        | --       | --     |

#+BEGIN_HTML
  <hr>
                                                  
#+END_HTML

Updated: 10/15/2013

*** Holidays/Winter Break
**** Calendar
November 2013            December 2013    
Su Mo Tu We Th Fr Sa     Su Mo Tu We Th Fr Sa 
               1  2      1  2  3  4  5  6  7 
3  4  5  6  7  8  9      8  9 10 11 12 13 14 
10 11 12 13 14 15 16     15 16 17 18 19 20 21 
17 18 19 20 21 22 23     22 23 24 25 26 27 28 
24 25 26 27 28 29 30     29 30 31
**** Requests
***** Natalie
A side note, I forgot to add, I would prefer my latest time to be 5:30 on Wednesday. If you need me to close however, I can.
I can work Christmas Eve but New Year's Eve I can work the morning shift but I won't be able to work around 1-6pm.

***** James L
11/25-11/26 normal: 11/27: open
winter break: open

***** Erik
I can work 10am to 4pm over this Thanksgiving break, but if we have enough people already, I could use the time to study for finals as much as possible.

As for over winter break, I'm available essentially all week. I am trying to schedule some visits to medical schools over the break but nothing has been finalized yet. I know we spoke about how I would need a week off to try and recuperate from nearly a full year of nonstop coursework. Does the week of New Years pose a problem to take off? 

-Erik

***** James Y.
Thanksgiving Week:
Monday: 10-2 Night Chat: 6-10
Tuesday: 1-5
Wednesday: 9-1
Thursday: Off
Friday: Off
 
Winter Break:
Prefer mornings and would like to work around 25 hours a week. Pretty flexible though.

**** Thanksgiving Week 
(11/24/2013 - 11/29/2013)

***** Office Hours
|          | *8am - 5pm* | *8am - 5pm* | *8am - 3pm* | *CLOSED*       | *CLOSED*       |
|          | *11/25*     | *11/26*     | *11/27*     | *Thanksgiving* | *Black Friday* |
| *Name*   | *Monday*    | *Tuesday*   | *Wednesday* | *Thursday*     | *Friday*       |
|----------+-------------+-------------+-------------+----------------+----------------|
| Andrew   | --          | 9 - 5       | 8 - 3       | --             | --             |
| Brittney | 12- 4       | --          | 8 - 12      | --             | --             |
| Dante    | 9 - 1       | 12 - 4      | --          | --             | --             |
| Erik     | --          | --          | --          | --             | --             |
| Feher    | --          | 8 - 12      | 12 - 3      | --             | --             |
| James L  | 1 - 5       | 8 - 12      | 9 - 12      | --             | --             |
| James Y  | 10 - 2      | 1 - 5       | 9 - 1       | --             | --             |
| Natalie  | 8 - 12      | 1 - 5       | 12 - 4      | --             | --             |

***** Night Chat

|          | *11/24*  | *11/25*  | *11/26*   | *11/27*     | *11/28*    | *11/29*  |
| *Name*   | *Sunday* | *Monday* | *Tuesday* | *Wednesday* | *Thursday* | *Friday* |
|----------+----------+----------+-----------+-------------+------------+----------|
| Brittney | --       | --       | 6-10      | --          | --         | --       |
| Feher    | 6-10     | --       | --        | --          | --         | --       |
| James Y  | --       | 6-10     | --        | --          | --         | --       |


| Date       | Office Hours | Night Chat |
|------------+--------------+------------|
| Sun, 11/24 | --           | 6 - 10pm   |
| Mon, 11/25 | 8 - 5        | 6 - 10pm   |
| Tue, 11/26 | 8 - 5        | 6 - 10pm   |
| Wed, 11/27 | 8 - 3        | --         |
| Thu, 11/28 | --           | --         |
| Fri, 11/29 | --           | --         |


#+BEGIN_HTML
  <hr>
                                                  
#+END_HTML

Updated: 11/20/2013

**** 12/8 - 12/13: Finals Week
*Finals Week Schedule*
*12/8 - 12/13 2013* 

***** Office Hours

| Name     | Monday (12/9)  | Tuesday (12/10) | Wednesday (12/11) | Thursday (12/12) | Friday (12/13) |
|----------+----------------+-----------------+-------------------+------------------+----------------|
| Andrew   | 9 - 5          | 10 - 6          | 9 - 5             | 9 - 5            | 9 - 5          |
| Brittney | 11 - 2:30      | --              | 11 - 2:30         | --               | 7 - 9          |
| Dante    | 9 - 1          | --              | 7 - 11            | 12 - 4           | 9 - 1          |
| Erik     | 7 - 9:30       | 11 - 5          | --                | 9 - 3            | 3 - 5          |
| Feher    | --             | 1 - 5           | 1 - 5             | 1 - 5            | --             |
| James L  | 11 - 5         | 7 - 11          | 2 - 6             | 7 - 11           | 1 - 5          |
| James Y  | 10 - 2         | 1 - 5           | 12 - 5            | --               | 10 - 1         |
| Natalie  | 10 - 11; 4 - 6 | 8 - 10          | 10 - 11           | 8 - 10; 5 - 6    | 9 - 11; 1 - 6  |

***** Night Chat

| Name     | Sunday (12/8) | Monday (12/9) | Tuesday (12/10) | Wednesday (12/11) | Thursday (12/12) | Friday (12/13) |
|----------+---------------+---------------+-----------------+-------------------+------------------+----------------|
| Brittney | --            | --            | 6-10            | --                | 6-10             | --             |
| Feher    | --            | --            | --              | --                | --               | --             |
| James Y  | --            | 6-10          | --              | --                | --               | --             |
| James L  | 6-10          |               |                 |                   |                  |                |

**** 12/16 - 1/19 2013 - 2014 Winter Intersession

***** Preferred schedules

****** James Leftwich

| Date                         | Call Center Hours | Evening Chat | Available     | Not Available | Preferred Hours    |
|------------------------------+-------------------+--------------+---------------+---------------+--------------------|
| *Example Format*             | 7 am -- 6 pm      |              | 7 am -- 11 am | 11 am -- 6 pm | 7 am -- 11am       |
|                              |                   |              |               |               |                    |
| Monday, December 16, 2013    | 7 am -- 6 pm      | 6 pm - 10pm  | all           |               | 7-12 or night chat |
| Tuesday, December 17, 2013   | 7 am -- 6 pm      | 6pm - 10pm   | all           |               | 7-12 or night chat |
| Wednesday, December 18, 2013 | 7 am -- 6 pm      |              | all           |               | 7-12 or night chat |
| Thursday, December 19, 2013  | 7 am -- 6 pm      |              | all           |               | 7-12 or night chat |
| Friday, December 20, 2013    | 7 am -- 6 pm      |              | all           |               | 7-12 or night chat |
|                              |                   |              | all           |               | 7-12 or night chat |
| Monday, December 23, 2013    | 9 am -- 5 pm      |              | all           |               | 7-12 or night chat |
| Tuesday, December 24, 2013   | 9 am -- 3 pm      |              | all           |               | 7-12 or night chat |
| Wednesday, December 25, 2013 | HOLIDAY           |              | all           |               | 7-12 or night chat |
| Thursday, December 26, 2013  | 9 am -- 5 pm      |              | all           |               | 7-12 or night chat |
| Friday, December 27, 2013    | 9 am -- 5 pm      |              | all           |               | 7-12 or night chat |
|                              |                   |              | all           |               | 7-12 or night chat |
| Monday, December 30, 2013    | 9 am -- 5 pm      |              | all           |               | 7-12 or night chat |
| Tuesday, December 31, 2013   | 9 am -- 3 pm      |              | all           |               | 7-12 or night chat |
| Wednesday, January 01, 2014  |                   |              | all           |               | 7-12 or night chat |
| Thursday, January 02, 2014   | 9 am -- 5 pm      |              | all           |               | 7-12 or night chat |
| Friday, January 03, 2014     | 9 am -- 5 pm      |              | all           |               | 7-12 or night chat |
|                              |                   |              | all           |               | 7-12 or night chat |
| Monday, January 06, 2014     | 8 am -- 5 pm      |              | all           |               | 7-12 or night chat |
| Tuesday, January 07, 2014    | 8 am -- 5 pm      |              | all           |               | 7-12 or night chat |
| Wednesday, January 08, 2014  | 8 am -- 5 pm      |              | all           |               | 7-12 or night chat |
| Thursday, January 09, 2014   | 8 am -- 5 pm      |              | all           |               | 7-12 or night chat |
| Friday, January 10, 2014     | 8 am -- 5 pm      |              | all           |               | 7-12 or night chat |
|                              |                   |              | all           |               | 7-12 or night chat |
| Monday, January 13, 2014     | 7 am -- 6 pm      |              | all           |               | 7-12 or night chat |
| Tuesday, January 14, 2014    | 7 am -- 6 pm      |              | all           |               | 7-12 or night chat |
| Wednesday, January 15, 2014  | 7 am -- 6 pm      |              | all           |               | 7-12 or night chat |
| Thursday, January 16, 2014   | 7 am -- 6 pm      |              | all           |               | 7-12 or night chat |
| Friday, January 17, 2014     | 7 am -- 6 pm      |              | all           |               | 7-12 or night chat |
| Sunday, January 19, 2014     |                   | 6pm to 10pm  | all           |               | 7-12 or night chat |

* 12/15 - 12/22: Winter Break I

** Call Center Hours

The hours listed below in the preferred schedules I sent out before have been changed. These are the updated hours:

| Date                         | Call Center Hours | Evening Chat |
|------------------------------+-------------------+--------------|
| Monday, December 16, 2013    | 7 am -- 6 pm      | 6 pm - 10pm  |
| Tuesday, December 17, 2013   | 7 am -- 6 pm      | 6pm - 10pm   |
| Wednesday, December 18, 2013 | 7 am -- 6 pm      | --           |
| Thursday, December 19, 2013  | 7 am -- 6 pm      | --           |
| Friday, December 20, 2013    | 7 am -- 6 pm      | --           |
|                              |                   |              |
| Monday, December 23, 2013    | 8 am -- 5 pm      | --           |
| Tuesday, December 24, 2013   | 8 am -- 12 pm     | --           |
| Wednesday, December 25, 2013 | HOLIDAY           | --           |
| Thursday, December 26, 2013  | 8 am -- 5 pm      | --           |
| Friday, December 27, 2013    | 8 am -- 5 pm      | --           |
|                              |                   |              |
| Monday, December 30, 2013    | 8 am -- 5 pm      | --           |
| Tuesday, December 31, 2013   | 8 am -- 12 pm     | --           |
| Wednesday, January 01, 2014  | HOLIDAY           | --           |
| Thursday, January 02, 2014   | 8 am -- 5 pm      | --           |
| Friday, January 03, 2014     | 8 am -- 5 pm      | --           |
|                              |                   |              |
| Monday, January 06, 2014     | 7 am -- 6 pm      | --           |
| Tuesday, January 07, 2014    | 7 am -- 6 pm      | --           |
| Wednesday, January 08, 2014  | 7 am -- 6 pm      | --           |
| Thursday, January 09, 2014   | 7 am -- 6 pm      | --           |
| Friday, January 10, 2014     | 7 am -- 6 pm      | --           |
|                              |                   |              |
| Monday, January 13, 2014     | 7 am -- 6 pm      | --           |
| Tuesday, January 14, 2014    | 7 am -- 6 pm      | --           |
| Wednesday, January 15, 2014  | 7 am -- 6 pm      | --           |
| Thursday, January 16, 2014   | 7 am -- 6 pm      | --           |
| Friday, January 17, 2014     | 7 am -- 6 pm      | --           |

** Preferred schedules
*** Brittney

| Brittney                     |                   |              |               |               |                   |
|                              |                   |              |               |               |                   |
| Date                         | Call Center Hours | Evening Chat | Available     | Not Available | Preferred Hours   |
| *Example Format*             | 7 am -- 6 pm      |              | 7 am -- 11 am | 11 am -- 6 pm | 7 am -- 11am      |
|------------------------------+-------------------+--------------+---------------+---------------+-------------------|
| Monday, December 16, 2013    | 7 am -- 6 pm      | 6 pm - 10pm  | Open-Close    |               | 7am-1pm; 6pm-10pm |
| Tuesday, December 17, 2013   | 7 am -- 6 pm      | 6pm - 10pm   | Open-Close    |               | 7am-1pm; 6pm-10pm |
| Wednesday, December 18, 2013 | 7 am -- 6 pm      |              | Open-Close    |               | 7am-1pm           |
| Thursday, December 19, 2013  | 7 am -- 6 pm      |              | Open-Close    |               | 7am-1pm           |
| Friday, December 20, 2013    | 7 am -- 6 pm      |              | Open-Close    |               | Off               |
|                              |                   |              |               |               |                   |
| Monday, December 23, 2013    | 9 am -- 5 pm      |              | Open-Close    |               | 9am-3pm           |
| Tuesday, December 24, 2013   | 9 am -- 3 pm      |              | Not Available |               | Off               |
| Wednesday, December 25, 2013 | HOLIDAY           |              |               |               |                   |
| Thursday, December 26, 2013  | 9 am -- 5 pm      |              | Open-Close    |               | 9am-3pm           |
| Friday, December 27, 2013    | 9 am -- 5 pm      |              | Open-Close    |               | 9am-3pm           |
|                              |                   |              |               |               |                   |
| Monday, December 30, 2013    | 9 am -- 5 pm      |              | Open-Close    |               | 9am-3pm           |
| Tuesday, December 31, 2013   | 9 am -- 3 pm      |              | Not Available |               | Off               |
| Wednesday, January 01, 2014  |                   |              |               |               |                   |
| Thursday, January 02, 2014   | 9 am -- 5 pm      |              | Open-Close    |               | 9am-3pm           |
| Friday, January 03, 2014     | 9 am -- 5 pm      |              | Open-Close    |               | 9am-3pm           |
|                              |                   |              |               |               |                   |
| Monday, January 06, 2014     | 8 am -- 5 pm      |              | Open-Close    |               | 8am-2pm           |
| Tuesday, January 07, 2014    | 8 am -- 5 pm      |              | Open-Close    |               | 8am-2pm           |
| Wednesday, January 08, 2014  | 8 am -- 5 pm      |              | Open-Close    |               | 8am-2pm           |
| Thursday, January 09, 2014   | 8 am -- 5 pm      |              | Open-Close    |               | 8am-2pm           |
| Friday, January 10, 2014     | 8 am -- 5 pm      |              | Open-Close    |               | Off               |
|                              |                   |              |               |               |                   |
| Monday, January 13, 2014     | 7 am -- 6 pm      |              | Open-Close    |               | 7am-1pm           |
| Tuesday, January 14, 2014    | 7 am -- 6 pm      |              | Open-Close    |               | 7am-1pm           |
| Wednesday, January 15, 2014  | 7 am -- 6 pm      |              | Open-Close    |               | 7am-1pm           |
| Thursday, January 16, 2014   | 7 am -- 6 pm      |              | Open-Close    |               | 7am-1pm           |
| Friday, January 17, 2014     | 7 am -- 6 pm      |              | Open-Close    |               | Off               |
| Sunday, January 19, 2014     |                   | 6pm to 10pm  | Open-Close    |               | 6pm-10pm          |
*** Dante

| Dante Webb Schedule          |                   |              |               |               |                 |
|                              |                   |              |               |               |                 |
| Date                         | Call Center Hours | Evening Chat | Available     | Not Available | Preferred Hours |
| *Example Format*             | 7 am -- 6 pm      |              | 7 am -- 11 am | 11 am -- 6 pm | 7 am -- 11am    |
|------------------------------+-------------------+--------------+---------------+---------------+-----------------|
| Monday, December 16, 2013    | 7 am -- 6 pm      | 6 pm - 10pm  | 7 am -- 6 pm  |               | 10 am -- 2 pm   |
| Tuesday, December 17, 2013   | 7 am -- 6 pm      | 6pm - 10pm   | 7 am -- 6 pm  |               | 2 pm -- 6 pm    |
| Wednesday, December 18, 2013 | 7 am -- 6 pm      |              | 7 am -- 6 pm  |               | 12 pm -- 4pm    |
| Thursday, December 19, 2013  | 7 am -- 6 pm      |              | 7 am -- 6 pm  |               | 7 am -- 11 am   |
| Friday, December 20, 2013    | 7 am -- 6 pm      |              | 7 am -- 6 pm  |               | 10 am -- 2 pm   |
|                              |                   |              |               |               |                 |
| Monday, December 23, 2013    | 9 am -- 5 pm      |              | 9 am -- 5 pm  |               | 1 pm -- 5 pm    |
| Tuesday, December 24, 2013   | 9 am -- 3 pm      |              | 9 am -- 3 pm  |               | 9 am -- 1 pm    |
| Wednesday, December 25, 2013 | HOLIDAY           |              |               |               |                 |
| Thursday, December 26, 2013  | 9 am -- 5 pm      |              | 9 am -- 5 pm  |               | 11 am -- 3 pm   |
| Friday, December 27, 2013    | 9 am -- 5 pm      |              | 9 am -- 3 pm  |               | 9 am -- 1 pm    |
|                              |                   |              |               |               |                 |
| Monday, December 30, 2013    | 9 am -- 5 pm      |              | 9 am -- 5 pm  |               | 9 am -- 1 pm    |
| Tuesday, December 31, 2013   | 9 am -- 3 pm      |              | 9 am -- 3 pm  |               | 11 am -- 3 pm   |
| Wednesday, January 01, 2014  |                   |              |               |               |                 |
| Thursday, January 02, 2014   | 9 am -- 5 pm      |              | 9 am -- 5 pm  |               | 10 am -- 2 pm   |
| Friday, January 03, 2014     | 9 am -- 5 pm      |              | 9 am -- 5 pm  |               | 10 am -- 2 pm   |
|                              |                   |              |               |               |                 |
| Monday, January 06, 2014     | 8 am -- 5 pm      |              | 8 am -- 5 pm  |               | 8 am -- 12 pm   |
| Tuesday, January 07, 2014    | 8 am -- 5 pm      |              | 8 am -- 5 pm  |               | 12 pm -- 4 pm   |
| Wednesday, January 08, 2014  | 8 am -- 5 pm      |              | 8 am -- 5 pm  |               | 1 pm -- 5 pm    |
| Thursday, January 09, 2014   | 8 am -- 5 pm      |              | 8 am -- 5 pm  |               | 12 pm -- 4 pm   |
| Friday, January 10, 2014     | 8 am -- 5 pm      |              | 8 am -- 5 pm  |               | 10 am -- 2 pm   |
|                              |                   |              |               |               |                 |
| Monday, January 13, 2014     | 7 am -- 6 pm      |              | 7 am -- 6 pm  |               | 9 am -- 1 pm    |
| Tuesday, January 14, 2014    | 7 am -- 6 pm      |              | 7 am -- 6 pm  |               | 12 pm -- 4 pm   |
| Wednesday, January 15, 2014  | 7 am -- 6 pm      |              | 7 am -- 6 pm  |               | 7 am -- 11 am   |
| Thursday, January 16, 2014   | 7 am -- 6 pm      |              | 7 am -- 6 pm  |               | 2 pm -- 6 pm    |
| Friday, January 17, 2014     | 7 am -- 6 pm      |              | 7 am -- 6 pm  |               | 9 am -- 1 pm    |
| Sunday, January 19, 2014     |                   | 6pm to 10pm  |               |               |                 |
*** Erik

| Erik                         |                   |              |               |               |                 |
|                              |                   |              |               |               |                 |
| Date                         | Call Center Hours | Evening Chat | Available     | Not Available | Preferred Hours |
| *Example Format*             | 7 am -- 6 pm      |              | 7 am -- 11 am | 11 am -- 6 pm | 7 am -- 11am    |
| Monday, December 16, 2013    | 7 am -- 6 pm      | 6 pm - 10pm  | 7 am -- 6 pm  |               | 7 am -- 6 pm    |
|------------------------------+-------------------+--------------+---------------+---------------+-----------------|
| Tuesday, December 17, 2013   | 7 am -- 6 pm      | 6pm - 10pm   | 7 am -- 6 pm  |               | 7 am -- 6 pm    |
| Wednesday, December 18, 2013 | 7 am -- 6 pm      |              | 7 am -- 6 pm  |               | 7 am -- 6 pm    |
| Thursday, December 19, 2013  | 7 am -- 6 pm      |              | 7 am -- 6 pm  |               | 7 am -- 6 pm    |
| Friday, December 20, 2013    | 7 am -- 6 pm      |              | 7 am -- 6 pm  |               | 7 am -- 6 pm    |
|                              |                   |              |               |               |                 |
| Monday, December 23, 2013    | 9 am -- 5 pm      |              | 9 am -- 5 pm  |               | 9 am -- 5 pm    |
| Tuesday, December 24, 2013   | 9 am -- 3 pm      |              | 9 am -- 3 pm  |               | 9 am -- 3 pm    |
| Wednesday, December 25, 2013 | HOLIDAY           |              |               |               |                 |
| Thursday, December 26, 2013  | 9 am -- 5 pm      |              | 9 am -- 5 pm  |               | 9 am -- 5 pm    |
| Friday, December 27, 2013    | 9 am -- 5 pm      |              | 9 am -- 5 pm  |               | 9 am -- 5 pm    |
|                              |                   |              |               |               |                 |
| Monday, December 30, 2013    | 9 am -- 5 pm      |              |               | Not Available |                 |
| Tuesday, December 31, 2013   | 9 am -- 3 pm      |              |               | Not Available |                 |
| Wednesday, January 01, 2014  |                   |              |               |               |                 |
| Thursday, January 02, 2014   | 9 am -- 5 pm      |              |               | Not Available |                 |
| Friday, January 03, 2014     | 9 am -- 5 pm      |              |               | Not Available |                 |
|                              |                   |              |               |               |                 |
| Monday, January 06, 2014     | 8 am -- 5 pm      |              | 8 am -- 5 pm  |               | 8 am -- 5 pm    |
| Tuesday, January 07, 2014    | 8 am -- 5 pm      |              | 8 am -- 5 pm  |               | 8 am -- 5 pm    |
| Wednesday, January 08, 2014  | 8 am -- 5 pm      |              | 8 am -- 5 pm  |               | 8 am -- 5 pm    |
| Thursday, January 09, 2014   | 8 am -- 5 pm      |              | 8 am -- 5 pm  |               | 8 am -- 5 pm    |
| Friday, January 10, 2014     | 8 am -- 5 pm      |              | 8 am -- 5 pm  |               | 8 am -- 5 pm    |
|                              |                   |              |               |               |                 |
| Monday, January 13, 2014     | 7 am -- 6 pm      |              | 7 am -- 6 pm  |               | 7 am -- 6 pm    |
| Tuesday, January 14, 2014    | 7 am -- 6 pm      |              | 7 am -- 6 pm  |               | 7 am -- 6 pm    |
| Wednesday, January 15, 2014  | 7 am -- 6 pm      |              | 7 am -- 6 pm  |               | 7 am -- 6 pm    |
| Thursday, January 16, 2014   | 7 am -- 6 pm      |              | 7 am -- 6 pm  |               | 7 am -- 6 pm    |
| Friday, January 17, 2014     | 7 am -- 6 pm      |              | 7 am -- 6 pm  |               | 7 am -- 6 pm    |
| Sunday, January 19, 2014     |                   | 6pm to 10pm  |               |               |                 |

*** Feher

| Feher                        |                   |              |               |               |                            |               |
|                              |                   |              |               |               |                            |               |
| Date                         | Call Center Hours | Evening Chat | Available     | Not Available | Preferred Hours            |               |
| *Example Format*             | 7 am -- 6 pm      |              | 7 am -- 11 am | 11 am -- 6 pm | 7 am -- 11am               |               |
| Monday, December 16, 2013    | 7 am -- 6 pm      | 6 pm - 10pm  | 11 am -- 10pm | 7am -- 11am   | 1 pm -- 6pm /or/ 6pm -10pm |               |
|------------------------------+-------------------+--------------+---------------+---------------+----------------------------+---------------|
| Tuesday, December 17, 2013   | 7 am -- 6 pm      | 6pm - 10pm   | 7 am -- 2pm   | 7am -- 11am   | 7am -- 1pm                 |               |
| Wednesday, December 18, 2013 | 7 am -- 6 pm      |              | 11am -- 6pm   | 7am -- 11am   | 1 pm -- 6pm                |               |
| Thursday, December 19, 2013  | 7 am -- 6 pm      |              | 11am -- 6pm   | 7am -- 11am   | 1 pm -- 6pm                |               |
| Friday, December 20, 2013    | 7 am -- 6 pm      |              | 11am -- 6pm   | 7am -- 11am   | 2 pm -- 6pm                |               |
|                              |                   |              |               |               |                            |               |
| Monday, December 23, 2013    | 9 am -- 5 pm      |              | N//A          | N//A          | N//A                       |               |
| Tuesday, December 24, 2013   | 9 am -- 3 pm      |              | 9 am -- 5 pm  | N//A          | 9 am -- 5 pm               | No Preference |
| Wednesday, December 25, 2013 | HOLIDAY           |              |               | N//A          |                            |               |
| Thursday, December 26, 2013  | 9 am -- 5 pm      |              | 9 am -- 5 pm  | N//A          | 9 am -- 5 pm               | No Preference |
| Friday, December 27, 2013    | 9 am -- 5 pm      |              | 9 am -- 5 pm  | N//A          | 9 am -- 5 pm               | No Preference |
|                              |                   |              |               |               |                            |               |
| Monday, December 30, 2013    | 9 am -- 5 pm      |              | N//A          | N//A          | N//A                       |               |
| Tuesday, December 31, 2013   | 9 am -- 3 pm      |              | 9 am -- 5 pm  | N//A          | 9 am -- 5 pm               | No Preference |
| Wednesday, January 01, 2014  |                   |              |               | N//A          | 9 am -- 5 pm               | No Preference |
| Thursday, January 02, 2014   | 9 am -- 5 pm      |              | 9 am -- 5 pm  | N//A          | 9 am -- 5 pm               | No Preference |
| Friday, January 03, 2014     | 9 am -- 5 pm      |              | 9 am -- 5 pm  | N//A          | 9 am -- 5 pm               | No Preference |
|                              |                   |              |               |               |                            |               |
| Monday, January 06, 2014     | 8 am -- 5 pm      |              | N//A          | N//A          | N//A                       |               |
| Tuesday, January 07, 2014    | 8 am -- 5 pm      |              | 9 am -- 5 pm  | N//A          | 9 am -- 5 pm               | No Preference |
| Wednesday, January 08, 2014  | 8 am -- 5 pm      |              | 9 am -- 5 pm  | N//A          | 9 am -- 5 pm               | No Preference |
| Thursday, January 09, 2014   | 8 am -- 5 pm      |              | 9 am -- 5 pm  | N//A          | 9 am -- 5 pm               | No Preference |
| Friday, January 10, 2014     | 8 am -- 5 pm      |              | 9 am -- 5 pm  | N//A          | 9 am -- 5 pm               | No Preference |
|                              |                   |              |               |               |                            |               |
| Monday, January 13, 2014     | 7 am -- 6 pm      |              | N//A          | N//A          | N//A                       |               |
| Tuesday, January 14, 2014    | 7 am -- 6 pm      |              | 7 am -- 2pm   | 2pm -- 6pm    | 7 am -- 2pm                |               |
| Wednesday, January 15, 2014  | 7 am -- 6 pm      |              | 11am -- 6pm   | 7am -- 11am   | 1 pm -- 6pm                |               |
| Thursday, January 16, 2014   | 7 am -- 6 pm      |              | 11am -- 6pm   | 7am -- 11am   | 1 pm -- 6pm                |               |
| Friday, January 17, 2014     | 7 am -- 6 pm      |              | 11am -- 6pm   | 7am -- 11am   | 2 pm -- 6pm                |               |
| Sunday, January 19, 2014     |                   | 6pm to 10pm  | N//A          | N//A          | N//A                       |               |
*** James Leftwich

| James Leftwich               |                   |              |               |               |                    |
|                              |                   |              |               |               |                    |
| Date                         | Call Center Hours | Evening Chat | Available     | Not Available | Preferred Hours    |
| *Example Format*             | 7 am -- 6 pm      |              | 7 am -- 11 am | 11 am -- 6 pm | 7 am -- 11am       |
| Monday, December 16, 2013    | 7 am -- 6 pm      | 6 pm - 10pm  | all           |               | 7-12 or night chat |
|------------------------------+-------------------+--------------+---------------+---------------+--------------------|
| Tuesday, December 17, 2013   | 7 am -- 6 pm      | 6pm - 10pm   | all           |               | 7-12 or night chat |
| Wednesday, December 18, 2013 | 7 am -- 6 pm      |              | all           |               | 7-12 or night chat |
| Thursday, December 19, 2013  | 7 am -- 6 pm      |              | all           |               | 7-12 or night chat |
| Friday, December 20, 2013    | 7 am -- 6 pm      |              | all           |               | 7-12 or night chat |
|                              |                   |              | all           |               | 7-12 or night chat |
| Monday, December 23, 2013    | 9 am -- 5 pm      |              | all           |               | 7-12 or night chat |
| Tuesday, December 24, 2013   | 9 am -- 3 pm      |              | all           |               | 7-12 or night chat |
| Wednesday, December 25, 2013 | HOLIDAY           |              | all           |               | 7-12 or night chat |
| Thursday, December 26, 2013  | 9 am -- 5 pm      |              | all           |               | 7-12 or night chat |
| Friday, December 27, 2013    | 9 am -- 5 pm      |              | all           |               | 7-12 or night chat |
|                              |                   |              | all           |               | 7-12 or night chat |
| Monday, December 30, 2013    | 9 am -- 5 pm      |              | all           |               | 7-12 or night chat |
| Tuesday, December 31, 2013   | 9 am -- 3 pm      |              | all           |               | 7-12 or night chat |
| Wednesday, January 01, 2014  |                   |              | all           |               | 7-12 or night chat |
| Thursday, January 02, 2014   | 9 am -- 5 pm      |              | all           |               | 7-12 or night chat |
| Friday, January 03, 2014     | 9 am -- 5 pm      |              | all           |               | 7-12 or night chat |
|                              |                   |              | all           |               | 7-12 or night chat |
| Monday, January 06, 2014     | 8 am -- 5 pm      |              | all           |               | 7-12 or night chat |
| Tuesday, January 07, 2014    | 8 am -- 5 pm      |              | all           |               | 7-12 or night chat |
| Wednesday, January 08, 2014  | 8 am -- 5 pm      |              | all           |               | 7-12 or night chat |
| Thursday, January 09, 2014   | 8 am -- 5 pm      |              | all           |               | 7-12 or night chat |
| Friday, January 10, 2014     | 8 am -- 5 pm      |              | all           |               | 7-12 or night chat |
|                              |                   |              | all           |               | 7-12 or night chat |
| Monday, January 13, 2014     | 7 am -- 6 pm      |              | all           |               | 7-12 or night chat |
| Tuesday, January 14, 2014    | 7 am -- 6 pm      |              | all           |               | 7-12 or night chat |
| Wednesday, January 15, 2014  | 7 am -- 6 pm      |              | all           |               | 7-12 or night chat |
| Thursday, January 16, 2014   | 7 am -- 6 pm      |              | all           |               | 7-12 or night chat |
| Friday, January 17, 2014     | 7 am -- 6 pm      |              | all           |               | 7-12 or night chat |
| Sunday, January 19, 2014     |                   | 6pm to 10pm  | all           |               | 7-12 or night chat |
*** Natalie

| Natalie                      |                   |              |               |               |                 |
|                              |                   |              |               |               |                 |
| Date                         | Call Center Hours | Evening Chat | Availablity   | Availablity   | Preferred Hours |
| *Example Format*             | 7 am -- 6 pm      |              | 7 am -- 11 am | 11 am -- 6 pm | 7 am -- 11am    |
| Monday, December 16, 2013    | 7 am -- 6 pm      | 6 pm - 10pm  | yes           | yes           | yes             |
|------------------------------+-------------------+--------------+---------------+---------------+-----------------|
| Tuesday, December 17, 2013   | 7 am -- 6 pm      | 6pm - 10pm   | yes           | yes           | yes             |
| Wednesday, December 18, 2013 | 7 am -- 6 pm      |              | yes           | yes           | yes             |
| Thursday, December 19, 2013  | 7 am -- 6 pm      |              | yes           | yes           | yes             |
| Friday, December 20, 2013    | 7 am -- 6 pm      |              | yes           | yes           | yes             |
|                              |                   |              |               |               |                 |
| Monday, December 23, 2013    | 9 am -- 5 pm      |              | yes           | yes           | yes             |
| Tuesday, December 24, 2013   | 9 am -- 3 pm      |              | yes           | yes           | yes             |
| Wednesday, December 25, 2013 | HOLIDAY           |              | yes           | yes           | yes             |
| Thursday, December 26, 2013  | 9 am -- 5 pm      |              | yes           | yes           | yes             |
| Friday, December 27, 2013    | 9 am -- 5 pm      |              | yes           | yes           | yes             |
|                              |                   |              |               |               |                 |
| Monday, December 30, 2013    | 9 am -- 5 pm      |              | yes           | yes           | yes             |
| Tuesday, December 31, 2013   | 9 am -- 3 pm      |              | yes           | Not Available | yes             |
| Wednesday, January 01, 2014  |                   |              | yes           | yes           | yes             |
| Thursday, January 02, 2014   | 9 am -- 5 pm      |              | yes           | yes           | yes             |
| Friday, January 03, 2014     | 9 am -- 5 pm      |              | yes           | yes           | yes             |
|                              |                   |              |               |               |                 |
| Monday, January 06, 2014     | 8 am -- 5 pm      |              | yes           | yes           | yes             |
| Tuesday, January 07, 2014    | 8 am -- 5 pm      |              | yes           | yes           | yes             |
| Wednesday, January 08, 2014  | 8 am -- 5 pm      |              | yes           | yes           | yes             |
| Thursday, January 09, 2014   | 8 am -- 5 pm      |              | yes           | yes           | yes             |
| Friday, January 10, 2014     | 8 am -- 5 pm      |              | yes           | yes           | yes             |
|                              |                   |              |               |               |                 |
| Monday, January 13, 2014     | 7 am -- 6 pm      |              | yes           | yes           | yes             |
| Tuesday, January 14, 2014    | 7 am -- 6 pm      |              | yes           | yes           | yes             |
| Wednesday, January 15, 2014  | 7 am -- 6 pm      |              | yes           | yes           | yes             |
| Thursday, January 16, 2014   | 7 am -- 6 pm      |              | yes           | yes           | yes             |
| Friday, January 17, 2014     | 7 am -- 6 pm      |              | yes           | yes           | yes             |
| Sunday, January 19, 2014     |                   | 6pm to 10pm  | yes           | yes           | yes             |

*** Dante
| Dante Webb Schedule          |                   |              |               |               |                 |
|                              |                   |              |               |               |                 |
| Date                         | Call Center Hours | Evening Chat | Available     | Not Available | Preferred Hours |
| *Example Format*             | 7 am -- 6 pm      |              | 7 am -- 11 am | 11 am -- 6 pm | 7 am -- 11am    |
|                              |                   |              |               |               |                 |
| Monday, December 16, 2013    | 7 am -- 6 pm      | 6 pm - 10pm  | 7 am -- 6 pm  |               | 10 am -- 2 pm   |
| Tuesday, December 17, 2013   | 7 am -- 6 pm      | 6pm - 10pm   | 7 am -- 6 pm  |               | 2 pm -- 6 pm    |
| Wednesday, December 18, 2013 | 7 am -- 6 pm      |              | 7 am -- 6 pm  |               | 12 pm -- 4pm    |
| Thursday, December 19, 2013  | 7 am -- 6 pm      |              | 7 am -- 6 pm  |               | 7 am -- 11 am   |
| Friday, December 20, 2013    | 7 am -- 6 pm      |              | 7 am -- 6 pm  |               | 10 am -- 2 pm   |
|                              |                   |              |               |               |                 |
| Monday, December 23, 2013    | 9 am -- 5 pm      |              | 9 am -- 5 pm  |               | 1 pm -- 5 pm    |
| Tuesday, December 24, 2013   | 9 am -- 3 pm      |              | 9 am -- 3 pm  |               | 9 am -- 1 pm    |
| Wednesday, December 25, 2013 | HOLIDAY           |              |               |               |                 |
| Thursday, December 26, 2013  | 9 am -- 5 pm      |              | 9 am -- 5 pm  |               | 11 am -- 3 pm   |
| Friday, December 27, 2013    | 9 am -- 5 pm      |              | 9 am -- 3 pm  |               | 9 am -- 1 pm    |
|                              |                   |              |               |               |                 |
| Monday, December 30, 2013    | 9 am -- 5 pm      |              | 9 am -- 5 pm  |               | 9 am -- 1 pm    |
| Tuesday, December 31, 2013   | 9 am -- 3 pm      |              | 9 am -- 3 pm  |               | 11 am -- 3 pm   |
| Wednesday, January 01, 2014  |                   |              |               |               |                 |
| Thursday, January 02, 2014   | 9 am -- 5 pm      |              | 9 am -- 5 pm  |               | 10 am -- 2 pm   |
| Friday, January 03, 2014     | 9 am -- 5 pm      |              | 9 am -- 5 pm  |               | 10 am -- 2 pm   |
|                              |                   |              |               |               |                 |
| Monday, January 06, 2014     | 8 am -- 5 pm      |              | 8 am -- 5 pm  |               | 8 am -- 12 pm   |
| Tuesday, January 07, 2014    | 8 am -- 5 pm      |              | 8 am -- 5 pm  |               | 12 pm -- 4 pm   |
| Wednesday, January 08, 2014  | 8 am -- 5 pm      |              | 8 am -- 5 pm  |               | 1 pm -- 5 pm    |
| Thursday, January 09, 2014   | 8 am -- 5 pm      |              | 8 am -- 5 pm  |               | 12 pm -- 4 pm   |
| Friday, January 10, 2014     | 8 am -- 5 pm      |              | 8 am -- 5 pm  |               | 10 am -- 2 pm   |
|                              |                   |              |               |               |                 |
| Monday, January 13, 2014     | 7 am -- 6 pm      |              | 7 am -- 6 pm  |               | 9 am -- 1 pm    |
| Tuesday, January 14, 2014    | 7 am -- 6 pm      |              | 7 am -- 6 pm  |               | 12 pm -- 4 pm   |
| Wednesday, January 15, 2014  | 7 am -- 6 pm      |              | 7 am -- 6 pm  |               | 7 am -- 11 am   |
| Thursday, January 16, 2014   | 7 am -- 6 pm      |              | 7 am -- 6 pm  |               | 2 pm -- 6 pm    |
| Friday, January 17, 2014     | 7 am -- 6 pm      |              | 7 am -- 6 pm  |               | 9 am -- 1 pm    |
| Sunday, January 19, 2014     |                   | 6pm to 10pm  |               |               |                 |

** Final Winter Break Schedule (12/12/2013)

|          | (Chat)            | 7am - 6pm         | 7am - 6pm         | 7am - 6pm  | 7am - 6pm  | 7am - 6pm  |             |
|          | 12/15             | 12/16             | 12/17             | 12/18      | 12/19      | 12/20      |             |
| Name     | Sunday            | Monday            | Tuesday           | Wednesday  | Thursday   | Friday     | Total Hours |
|----------+-------------------+-------------------+-------------------+------------+------------+------------+-------------|
| Andrew   |                   |                   |                   |            |            |            |             |
| Brittney |                   | 12pm - 5pm        |                   | 7am - 12pm | 7am - 12pm | 10am - 3pm |          20 |
| Dante    |                   | 9am - 1pm         | 2pm - 6pm         | 11am - 3pm | 9am - 1pm  | 9am - 1pm  |          20 |
| Erik     |                   | --                | 9am - 2pm         | 12pm - 5pm | 1pm - 6pm  | 12pm - 5pm |          20 |
| Feher    | 6pm - 10pm (Chat) | 6pm - 10pm (Chat) | 7am - 11am        | 2pm - 6pm  | --         | 2pm - 6pm  |          20 |
| James L  |                   | 7am - 1pm         | 6pm - 10pm (Chat) | 9am - 2pm  | 10am - 3pm | --         |          20 |
| James Y  |                   |                   |                   |            |            |            |             |
| Natalie  |                   | 1pm - 6pm         | 12pm - 5pm        | --         | 12pm - 5pm | 7am - 12pm |          20 |


|          | 8am - 5pm  | 8am - 5pm  | 8am - 5pm | 8am - 5pm  | 8am - 5pm  |   8am - 5pm |
|          | 12/23      | 12/24      | 12/25     | 12/26      | 12/27      |             |
| Name     | Monday     | Tuesday    | Wednesday | Thursday   | Friday     | Total Hours |
|----------+------------+------------+-----------+------------+------------+-------------|
| Andrew   |            |            | --        |            |            |             |
| Brittney | 8am - 1pm  | --         | --        | 8am - 12pm | --         |           9 |
| Dante    | --         | 8am - 12pm | --        | --         | 9am - 1pm  |           8 |
| Erik     | 12pm - 4pm | --         | --        | 12pm - 6pm | --         |          10 |
| Feher    | --         | --         | --        | 9am - 2pm  | 8am - 12pm |           9 |
| James L  | 1pm - 5pm  | 8am - 12pm | --        | --         | 10am - 4pm |          14 |
| James Y  |            |            | --        |            |            |             |
| Natalie  | 9am - 1pm  | --         | --        | 12pm - 4pm | 12pm - 5pm |          13 |


|          | 8am - 5pm  | 8am - 5pm  | 8am - 5pm | 8am - 5pm  | 8am - 5pm  |             |
|          | 12/30      | 12/31      | 1/1       | 1/2        | 1/3        |             |
| Name     | Monday     | Tuesday    | Wednesday | Thursday   | Friday     | Total Hours |
|----------+------------+------------+-----------+------------+------------+-------------|
| Andrew   |            |            | --        |            |            |             |
| Brittney | 11am - 3pm | --         | --        | 8am - 12pm | 9am - 1pm  |          12 |
| Dante    | 9am - 1pm  | --         | --        | 1pm - 5pm  | 11am - 3pm |          12 |
| Erik     | --         | --         | --        | --         | --         |             |
| Feher    |            | 8am - 12pm | --        | 9am - 1pm  | 1pm - 5pm  |          12 |
| James L  | 8am - 12pm |            | --        | 11am - 3pm |            |           8 |
| James Y  |            |            | --        |            |            |             |
| Natalie  | 1pm - 5pm  | 8am - 12pm | --        | --         | 8am - 12pm |          12 |

  
|          | 7am - 6pm  | 7am - 6pm  | 7am - 6pm  | 7am - 6pm  | 7am - 6pm  |             |
|          | 1/6        | 1/7        | 1/8        | 1/9        | 1/10       |             |
| Name     | Monday     | Tuesday    | Wednesday  | Thursday   | Friday     | Total Hours |
|----------+------------+------------+------------+------------+------------+-------------|
| Andrew   |            |            |            |            |            |             |
| Brittney | 7am - 12pm | 7am - 12pm | 11am - 4pm | 7am - 12pm | --         |          20 |
| Dante    | 8am - 12pm | 12pm - 4pm | 1pm - 5pm  | 12pm - 4pm | 10am - 2pm |          20 |
| Erik     | 1pm - 6pm  | --         | 8am - 1pm  | 1pm - 6pm  | 1pm - 6pm  |          20 |
| Feher    | --         | 9am - 2pm  | 1pm - 6pm  | 11am - 4pm | 7am - 12pm |          20 |
| James L  | 10am - 3pm | 11am - 4pm | 7am - 12pm | 9am - 2pm  | --         |          20 |
| James Y  |            |            |            |            |            |             |
| Natalie  | 12pm - 5pm | --         | 9am - 2pm  | --         | 11am - 4pm |          15 |


|          | 7am - 6pm  | 7am - 6pm  | 7am - 6pm  | 7am - 6pm  | 7am - 6pm  |             |
|          | 1/13       | 1/14       | 1/15       | 1/16       | 1/17       |             |
| Name     | Monday     | Tuesday    | Wednesday  | Thursday   | Friday     | Total Hours |
|----------+------------+------------+------------+------------+------------+-------------|
| Andrew   |            |            |            |            |            |             |
| Brittney | 7am - 12pm | 7am - 12pm | 11am - 4pm | 7am - 12pm | --         |          20 |
| Dante    | 8am - 12pm | 12pm - 4pm | 1pm - 5pm  | 12pm - 4pm | 9am - 1pm  |          20 |
| Erik     | 1pm - 6pm  | --         | 8am - 1pm  | 1pm - 6pm  | 1pm - 6pm  |          20 |
| Feher    | --         | 9am - 2pm  | 1pm - 6pm  | 11am - 4pm | 12pm - 5pm |          20 |
| James L  | 10am - 3pm | 11am - 4pm | 7am - 12pm | 9am - 2pm  | --         |          20 |
| James Y  |            |            |            |            |            |             |
| Natalie  | 12pm - 5pm | 1pm - 6pm  | 9am - 2pm  | --         | 7am - 12pm |          20 |






** Calendar Check
*** Final Winter Break Schedule (12/12/2013)

|          | (Chat)            | 7am - 6pm         | 7am - 6pm         | 7am - 6pm  | 7am - 6pm  | 7am - 6pm  |             |
|          | 12/15             | 12/16             | 12/17             | 12/18      | 12/19      | 12/20      |             |
| Name     | Sunday            | Monday            | Tuesday           | Wednesday  | Thursday   | Friday     | Total Hours |
|----------+-------------------+-------------------+-------------------+------------+------------+------------+-------------|
| Andrew   |                   |                   |                   |            |            |            |             |
| Brittney |                   | *7am - 10:30am*   |                   | 7am - 12pm | 7am - 12pm | 10am - 3pm |          20 |
| Dante    |                   | 9am - 1pm         | 2pm - 6pm         | 11am - 3pm | 9am - 1pm  | 9am - 1pm  |          20 |
| Erik     |                   | --                | 9am - 2pm         | 12pm - 5pm | 1pm - 6pm  | 12pm - 5pm |          20 |
| Feher    | 6pm - 10pm (Chat) | 6pm - 10pm (Chat) | 7am - 11am        | 2pm - 6pm  | --         | 2pm - 6pm  |          20 |
| James L  |                   | *1pm - 6pm*       | 6pm - 10pm (Chat) | 9am - 2pm  | 10am - 3pm | --         |          20 |
| James Y  |                   | 10am - 3pm        |                   |            |            |            |             |
| Natalie  |                   | 12pm - 5pm        | 12pm - 5pm        | --         | 12pm - 5pm | 7am - 12pm |          20 |


|          | 8am - 5pm    | 8am - 5pm  | 8am - 5pm | 8am - 5pm  | 8am - 5pm    |   8am - 5pm |
|          | 12/23        | 12/24      | 12/25     | 12/26      | 12/27        |             |
| Name     | Monday       | Tuesday    | Wednesday | Thursday   | Friday       | Total Hours |
|----------+--------------+------------+-----------+------------+--------------+-------------|
| Andrew   |              |            | --        |            |              |             |
| Brittney | *8am - 12pm* | --         | --        | 8am - 12pm | --           |           9 |
| Dante    | --           | 8am - 12pm | --        | --         | 9am - 1pm    |           8 |
| Erik     | 12pm - 4pm   | --         | --        | 12pm - 6pm | --           |          10 |
| Feher    | --           | --         | --        | 9am - 2pm  | *8am - 12pm* |           9 |
| James L  | 1pm - 5pm    | 8am - 12pm | --        | --         | 10am - 4pm   |          14 |
| James Y  |              |            | --        |            |              |             |
| Natalie  | 9am - 1pm    | --         | --        | 12pm - 4pm | 12pm - 5pm   |          13 |


|          | 8am - 5pm  | 8am - 5pm  | 8am - 5pm | 8am - 5pm  | 8am - 5pm  |             |
|          | 12/30      | 12/31      | 1/1       | 1/2        | 1/3        |             |
| Name     | Monday     | Tuesday    | Wednesday | Thursday   | Friday     | Total Hours |
|----------+------------+------------+-----------+------------+------------+-------------|
| Andrew   |            |            | --        |            |            |             |
| Brittney | 11am - 3pm | --         | --        | 8am - 12pm | 9am - 1pm  |          12 |
| Dante    | 9am - 1pm  | --         | --        | 1pm - 5pm  | 11am - 3pm |          12 |
| Erik     | --         | --         | --        | --         | --         |             |
| Feher    |            | 8am - 12pm | --        | 9am - 1pm  | 1pm - 5pm  |          12 |
| James L  | 8am - 12pm |            | --        | 11am - 3pm |            |           8 |
| James Y  |            |            | --        |            |            |             |
| Natalie  | 1pm - 5pm  | 8am - 12pm | --        | --         | 8am - 12pm |          12 |

  
|          | 7am - 6pm  | 7am - 6pm  | 7am - 6pm  | 7am - 6pm  | 7am - 6pm   |             |
|          | 1/6        | 1/7        | 1/8        | 1/9        | 1/10        |             |
| Name     | Monday     | Tuesday    | Wednesday  | Thursday   | Friday      | Total Hours |
|----------+------------+------------+------------+------------+-------------+-------------|
| Andrew   |            |            |            |            |             |             |
| Brittney | 7am - 12pm | 7am - 12pm | 11am - 4pm | 7am - 12pm | --          |          20 |
| Dante    | 8am - 12pm | 12pm - 4pm | 1pm - 5pm  | 1pm - 5pm  | *9am - 1pm* |          20 |
| Erik     | 1pm - 6pm  | --         | 8am - 1pm  | 1pm - 6pm  | 1pm - 6pm   |          20 |
| Feher    | --         | 9am - 2pm  | 1pm - 6pm  | 11am - 4pm | 7am - 12pm  |          20 |
| James L  | 10am - 3pm | 11am - 4pm | 7am - 12pm | 9am - 2pm  | --          |          20 |
| James Y  |            |            |            |            |             |             |
| Natalie  | 12pm - 5pm | 1pm - 6pm  | 9am - 2pm  | --         | 11am - 4pm  |          15 |


|          | 7am - 6pm  | 7am - 6pm  | 7am - 6pm  | 7am - 6pm  | 7am - 6pm  |             |
|          | 1/13       | 1/14       | 1/15       | 1/16       | 1/17       |             |
| Name     | Monday     | Tuesday    | Wednesday  | Thursday   | Friday     | Total Hours |
|----------+------------+------------+------------+------------+------------+-------------|
| Andrew   |            |            |            |            |            |             |
| Brittney | 7am - 12pm | 7am - 12pm | 11am - 4pm | 7am - 12pm | --         |          20 |
| Dante    | 8am - 12pm | 12pm - 4pm | 1pm - 5pm  | 12pm - 4pm | 9am - 1pm  |          20 |
| Erik     | 1pm - 6pm  | --         | 8am - 1pm  | 1pm - 6pm  | 1pm - 6pm  |          20 |
| Feher    | --         | 9am - 2pm  | 1pm - 6pm  | 11am - 4pm | 12pm - 5pm |          20 |
| James L  | 10am - 3pm | 11am - 4pm | 7am - 12pm | 9am - 2pm  | --         |          20 |
| James Y  |            |            |            |            |            |             |
| Natalie  | 12pm - 5pm | 1pm - 6pm  | 9am - 2pm  | --         | 7am - 12pm |          20 |
* SP2014
** Template

FS2014 Schedule
1/19/2014 ~ 5/16/2014

- Night Chat starts on Sunday, 1/19.
- We're closed on 1/20.
- Classes and our FS2014 office hours begin on 1/21/2014

Please fill out the following all information:

*** Required Info
- Preferred shift hours
- All available shift hours

*** Optional Info
- Daily class schedule
- Other comments or concerns

*Office*
| Day       | Available | Preferred | Class Schedule | Comments |
|-----------+-----------+-----------+----------------+----------|
| Monday    |           |           |                |          |
| Tuesday   |           |           |                |          |
| Wednesday |           |           |                |          |
| Thursday  |           |           |                |          |
| Friday    |           |           |                |          |

*Night Chat (6pm - 10pm)*
|           |                  |
| Day       | Available? (Y/N) |
|-----------+------------------|
| Sunday    |                  |
| Monday    |                  |
| Tuesday   |                  |
| Thursday  |                  |

** Dante
Class 1: Tuesday and Thursday- 1:00 until 2:15
Class 2: Tuesday and Thursday- 5:30 until 6:45
Class 3: Monday, Wednesday Friday- 11:00 until 11:50 

I would prefer not to open on Monday, but i can open on Wed. or Fri.
My schedule kinda falls a little funny.  I can do a split shift on Tues. and Thurs. if possible


Name: Dante Webb

| Day             | Available            |             Preferred | Class               | Schedule | Comments |
|-----------------+----------------------+-----------------------+---------------------+----------+----------|
| Monday          | 12-6                 |                  12-4 | 11:00-11:50         |          |          |
| Tuesday         | 10:00-1:00;2:30-5:30 | 10:30-12:30;2:30-4:30 | 1:00-2:15;5:30-6:45 |          |          |
| Wednesday       | 7-11;12-6            |                  7-11 | 11:00-11:50         |          |          |
| Thursday        | 10:00-1:00;2:30-5:30 |                10:30- |                     |          |          |
| 12:30;2:30-4:30 | 1:00-2:15;5:30-6:45  |                       |                     |          |          |
| Friday          | 7-11;12-6            |                  7-11 | 11:00-11:50         |          |          |

| Night    | Chat       | (6pm - 10pm) |          |
|----------+------------+--------------+----------|
| Day      | Available? | (Y/N)        | Comments |
| Sunday   | N          |              |          |
| Monday   | N          |              |          |
| Tuesday  | N          |              |          |
| Thursday | N          |              |          |

** Eric
1st 8-weeks:
Available Preferred
Monday:  7am - Noon; 7am - Noon*
Tuesday:  ------------- --------------
Wednesday:  7am - Noon, 2pm - 5pm 7am - Noon*, 2pm - 5pm
Thursday:  ------------- --------------
Friday:  --------------- ---------------

*If possible, I'd only want to open one of these days as to not overextend myself since I have a MCAT prep course on Monday and Wednesday nights.

2nd 8-weeks:

Available Preferred
Monday:  7am - Noon 7am - Noon*
Tuesday:  ------------- --------------
Wednesday:  7am - Noon 7am - Noon*
Thursday:  ------------- --------------
Friday:  2pm - close 2pm - close

*If possible, I'd only want to open one of these days as to not overextend myself since I have a MCAT prep course on Monday and Wednesday nights.

** Yazell
*** Preferred Hours
Monday: 12pm-4pm; Night Chat
Tuesday: 1pm-5pm
Wednesday: 12pm-4pm
Thursday :Off
Friday: 12pm-4pm
Total: 20 Hours

*** Available Hours
Monday: 12pm-5pm
Tuesday: 1pm-5pm
Wednesday: 12pm-5pm
Thursday: 1pm-5pm
Friday: 12pm-5pm
Night Chat: Monday or Wednesday

** Brittney
 Name:       Brittney     Wright 

| Day       | Available | Preferred | Class Schedule | Comments |
|-----------+-----------+-----------+----------------+----------|
| Monday    |       7-4 |      7-12 | 5:30-6:45PM    |          |
| Tuesday   |       7-6 |      7-12 |                |          |
| Wednesday |       7-4 |      7-12 | 5:30-6:45PM    |          |
| Thursday  |       7-6 |      7-12 |                |          |
| Friday    |       7-6 |    ------ |                |          |


Night Chat (6pm - 10pm) 
| Day      | Available? (Y/N) | Comments |
| Sunday   | Yes              |          |
| Monday   | NO               |          |
| Tuesday  | Yes              |          |
| Thursday | Yes              |          |

Due one week before spring break, in March. Might need three weeks off.

*I WOULD PREFER MY HOURS NEXT SEMESTER TO BE IN THE OFFICE

** Natalie

| Day       | Available | Preferred | Class Schedule | Comments |                                              |   |   |   |
|-----------+-----------+-----------+----------------+----------+----------------------------------------------+---+---+---|
| Monday    | 2-6pm     |           |                |          |                                              |   |   |   |
| Tuesday   | 7-10:50am |           |                |          |                                              |   |   |   |
|           | 4-6pm     |           |                |          | I added another class that goes at this time |   |   |   |
| Wednesday | 2-6pm     |           |                |          |                                              |   |   |   |
| Thursday  | 7-10:50am |           |                |          |                                              |   |   |   |
|           | 4-6pm     |           |                |          | Sorry about the changes:/                    |   |   |   |
| Friday    | 11-6pm    |           |                |          |                                              |   |   |   |

*NO NIGHT CHAT*

| NIGHT     | CHAT       | (6PM      | -              | 10PM)    |                                              |      |    |       |
|-----------+------------+-----------+----------------+----------+----------------------------------------------+------+----+-------|
| DAY       | AVAILABLE? | (Y/N)     | COMMENTS       |          |                                              |      |    |       |
| SUNDAY    |            | IM       | STILL          | GOING    | TO                                           | PASS | ON | THESE |

** Feher

 Name:      Feher      Dabbagh                          
| Day       | Available       | Preferred          | Class        Schedule | Comments                                                                                                                                                           |
|-----------+-----------------+--------------------+-----------------------+--------------------------------------------------------------------------------------------------------------------------------------------------------------------|
| Monday    | 10am-6pm        | 11am-4pm           | 8am-10am              |                                                                                                                                                                    |
| Tuesday   | 1pm-6pm         | 1pm-6pm            | 8am-12:30pm           |                                                                                                                                                                    |
| Wednesday | 10am-6pm        | 11am-4pm           | 8am-10am              |                                                                                                                                                                    |
| Thursday  | 1pm-4pm         | Prefer not to work | 8am-12:30pm;4pm-6pm   | I have a three hour window in between a class and a lab later that day. But I think it would be better to not work this day and then finish my hours off on Friday |
| Friday    | 7am-1pm;3pm-6pm | 8am - 1pm          | N/A                   |                                                                                                                                                                    |

| Night    | Chat              | (6pm - 10pm                                                |
|----------+-------------------+------------------------------------------------------------|
| Day      | Available?  (Y/N) | Comments                                                   |
| Sunday   | Yes               | But But would like to not work any night chats if possible |
| Monday   | Yes               | But would like to not work any night chats if possible     |
| Tuesday  | No                | I have a martial arts class at night.                      |
| Thursday | No                | I have a lab that ends at 6pm                              |

* MILLER, LOUISE
UMKC-NURSE5597A-0004-18532-SP2014

